<!--
  ~ Copyright (c) 2021 Breakerbear
  ~
  ~ This program is free software: you can redistribute it and/or modify
  ~ it under the terms of the GNU General Public License as published by
  ~ the Free Software Foundation, either version 3 of the License, or
  ~ (at your option) any later version.
  ~
  ~ This program is distributed in the hope that it will be useful,
  ~ but WITHOUT ANY WARRANTY; without even the implied warranty of
  ~ MERCHANTABILITY or FITNESS FOR A PARTICULAR PURPOSE.  See the
  ~ GNU General Public License for more details.
  ~
  ~ You should have received a copy of the GNU General Public License
  ~ along with this program.  If not, see <https://www.gnu.org/licenses/>.
  -->

<skin>
    <!--
        This file is only an example.
    -->
    <include internal="ui/default/skin.xml"></include>
    <atlas location="uiskin.atlas"></atlas>
    
    <class name="com.badlogic.gdx.graphics.g2d.BitmapFont">
        <default>
            <file>font.fnt</file>
        </default>
	<font>
            <file>font.fnt</file>
        </font>
        <list>
            <file>font-list.fnt</file>
        </list>
	<subtitle>
            <file>font-subtitle.fnt</file>
        </subtitle>
	<window>
            <file>font-window.fnt</file>
        </window>
    </class>
    <class name="com.badlogic.gdx.graphics.Color">
	<black>
            <r>0</r>
            <g>0</g>
            <b>0</b>
            <a>1</a>
        </black>
	<disabled>
            <r>0.23137255</r>
            <g>0.24705882</g>
            <b>0.25882354</b>
            <a>1</a>
        </disabled>
	<highlight>
            <r>0.19215687</r>
            <g>0.6627451</g>
            <b>0.95686275</b>
            <a>1</a>
        </highlight>
	<message>
            <r>0.44313726</r>
            <g>0.47843137</g>
            <b>0.5372549</b>
            <a>1</a>
        </message>
	<split>
            <r>0.44313726</r>
            <g>0.47843137</g>
            <b>0.5372549</b>
            <a>1</a>
        </split>
	<white>
            <r>1</r>
            <g>1</g>
            <b>1</b>
            <a>1</a>
        </white>
    </class>
    <class name="com.badlogic.gdx.scenes.scene2d.ui.Button$ButtonStyle">
        <default>
            <up>button-normal</up>
            <down>button-normal-pressed</down>
            <over>button-normal-over</over>
            <focused>button-normal-over</focused>
        </default>
	<spinner-up>
            <up>spinner-up</up>
            <down>spinner-up-pressed</down>
            <over>spinner-up-over</over>
        </spinner-up>
    </class>
</skin>